Start Date,End Date,Response Type,IP Address,Progress,Duration (in seconds),Finished,Recorded Date,Response ID,Recipient Last Name,Recipient First Name,Recipient Email,External Data Reference,Location Latitude,Location Longitude,Distribution Channel,User Language,Browser Meta Info - Browser,Browser Meta Info - Version,Browser Meta Info - Operating System,Browser Meta Info - Resolution,"Confirm Prolific ID

 

Please confirm that your Prolific ID appears in the field below. If necessary, correct it/fill it in, then press the arrow button to continue.","In order to continue to the experiment, you must consent to take part in the project",What is your first language?,What is your gender (optional)?,What is your age?,"Before you start, please confirm that you will be able to do the experiment in a quiet place without distractions, that you are holding your device in landscape (horizontal mode) if it is a mobile device, and that you can use both hands to respond. Please select both of the responses below to indicate that you are ready to start the experiment:",PROLIFIC_PID,STUDY_ID,SESSION_ID
05/08/2020 22:13,05/08/2020 22:13,Survey Preview,,100,32,TRUE,05/08/2020 22:13,R_2UgvChpY9szx1NX,,,,,50.72019958,-1.880096436,preview,EN-GB,Firefox,79,Windows NT 10.0,1920x1080,,I consent to take part in the project on the basis set out above (Section A),Another language,Male,22,"I am in a quiet place without distractions, and I am either on a PC or laptop or on a mobile device that I am holding in landscape mode. I can use both hands to respond.",,,
05/08/2020 22:13,05/08/2020 22:14,Survey Preview,,100,19,TRUE,05/08/2020 22:14,R_2wGpsO9yLWMeuBk,,,,,50.72019958,-1.880096436,preview,EN-GB,Firefox,79,Windows NT 10.0,1920x1080,,I consent to take part in the project on the basis set out above (Section A),English,Male,18,"I am in a quiet place without distractions, and I am either on a PC or laptop or on a mobile device that I am holding in landscape mode. I can use both hands to respond.",,,
05/08/2020 22:23,05/08/2020 22:24,Survey Preview,,100,33,TRUE,05/08/2020 22:24,R_3fpeF3ZLU6hcVqb,,,,,50.72019958,-1.880096436,preview,EN-GB,Firefox,79,Windows NT 10.0,1920x1080,,I consent to take part in the project on the basis set out above (Section A),English,,18,"I am in a quiet place without distractions, and I am either on a PC or laptop or on a mobile device that I am holding in landscape mode. I can use both hands to respond.",,,
05/08/2020 22:30,05/08/2020 22:30,Survey Preview,,100,30,TRUE,05/08/2020 22:30,R_sinpbcqhLyroglH,,,,,50.72019958,-1.880096436,preview,EN-GB,Firefox,79,Windows NT 10.0,1920x1080,3,I consent to take part in the project on the basis set out above (Section A),English,Male,18,"I am in a quiet place without distractions, and I am either on a PC or laptop or on a mobile device that I am holding in landscape mode. I can use both hands to respond.",,,
05/08/2020 22:33,05/08/2020 22:33,Survey Preview,,100,21,TRUE,05/08/2020 22:33,R_2s5epfRm7QJGlC0,,,,,50.72019958,-1.880096436,preview,EN-GB,Firefox,79,Windows NT 10.0,1920x1080,99914,I consent to take part in the project on the basis set out above (Section A),English,,25,"I am in a quiet place without distractions, and I am either on a PC or laptop or on a mobile device that I am holding in landscape mode. I can use both hands to respond.,I do not have any more questions about the experiment.",,,
05/08/2020 22:34,05/08/2020 22:35,Survey Preview,,100,28,TRUE,05/08/2020 22:35,R_2rSB9CZ9gH77cNI,,,,,50.72019958,-1.880096436,preview,EN-GB,Firefox,79,Windows NT 10.0,1920x1080,98,I consent to take part in the project on the basis set out above (Section A),English,Male,54,"I am in a quiet place without distractions, and I am either on a PC or laptop or on a mobile device that I am holding in landscape mode. I can use both hands to respond.",98,,
06/08/2020 15:59,06/08/2020 16:00,IP Address,90.252.130.71,100,43,TRUE,06/08/2020 16:00,R_yBWSAxDj9658KM9,,,,,51.45350647,-2.591705322,anonymous,EN-GB,Firefox,79,Windows NT 10.0,1920x1080,5f0c8009958a65612e4e176a,I consent to take part in the project on the basis set out above (Section A),English,Male,99,"I am in a quiet place without distractions, and I am either on a PC or laptop or on a mobile device that I am holding in landscape mode. I can use both hands to respond.,I do not have any more questions about the experiment.",5f0c8009958a65612e4e176a,5f10eee6363557437f328d22,0cg6b5ihigbs
06/08/2020 16:08,06/08/2020 16:09,IP Address,90.252.130.71,100,30,TRUE,06/08/2020 16:09,R_2TBhWB1whhkgCgp,,,,,51.45350647,-2.591705322,anonymous,EN-GB,Firefox,79,Windows NT 10.0,1920x1080,5f0c8009958a65612e4e176a,I consent to take part in the project on the basis set out above (Section A),English,Male,24,"I am in a quiet place without distractions, and I am either on a PC or laptop or on a mobile device that I am holding in landscape mode. I can use both hands to respond.,I do not have any more questions about the experiment.",5f0c8009958a65612e4e176a,5f10eee6363557437f328d22,0t5lb0okpseh
06/08/2020 16:53,06/08/2020 16:53,IP Address,90.252.130.71,100,20,TRUE,06/08/2020 16:53,R_3p9Hqvfq0gvRrYZ,,,,,51.45350647,-2.591705322,anonymous,EN-GB,Firefox,79,Windows NT 10.0,1920x1080,5f0c8009958a65612e4e176a,I consent to take part in the project on the basis set out above (Section A),English,Male,99,"I am in a quiet place without distractions, and I am either on a PC or laptop or on a mobile device that I am holding in landscape mode. I can use both hands to respond.,I do not have any more questions about the experiment.",5f0c8009958a65612e4e176a,5f10eee6363557437f328d22,03oa3rl9sl4x
06/08/2020 17:02,06/08/2020 17:02,IP Address,90.252.130.71,100,23,TRUE,06/08/2020 17:02,R_6J8X8uDF7eIYSSB,,,,,51.45350647,-2.591705322,anonymous,EN-GB,Firefox,79,Windows NT 10.0,1920x1080,5f0c8009958a65612e4e176a,I consent to take part in the project on the basis set out above (Section A),English,Male,18,"I am in a quiet place without distractions, and I am either on a PC or laptop or on a mobile device that I am holding in landscape mode. I can use both hands to respond.,I do not have any more questions about the experiment.",5f0c8009958a65612e4e176a,5f10eee6363557437f328d22,0eue5vt6jt4p
06/08/2020 22:28,06/08/2020 22:29,IP Address,90.252.130.71,100,19,TRUE,06/08/2020 22:29,R_6FsFthZNdrkeuMF,,,,,51.45350647,-2.591705322,anonymous,EN-GB,Firefox,79,Windows NT 10.0,1920x1080,5f0c8009958a65612e4e176a,I consent to take part in the project on the basis set out above (Section A),English,Male,18,"I am in a quiet place without distractions, and I am either on a PC or laptop or on a mobile device that I am holding in landscape mode. I can use both hands to respond.",5f0c8009958a65612e4e176a,5f10eee6363557437f328d22,0pvr2258yokn
07/08/2020 13:07,07/08/2020 13:07,Survey Preview,,100,26,TRUE,07/08/2020 13:07,R_2396YxhjswOMJJq,,,,,51.45350647,-2.591705322,preview,EN-GB,Chrome,84.0.4147.105,Windows NT 10.0,1920x1080,23,I consent to take part in the project on the basis set out above (Section A),English,Male,18,"I am in a quiet place without distractions, and I am either on a PC or laptop or on a mobile device that I am holding in landscape mode. I can use both hands to respond.,I do not have any more questions about the experiment.",23,,
07/08/2020 18:01,07/08/2020 18:01,IP Address,90.252.130.71,100,25,TRUE,07/08/2020 18:01,R_Rnq7EyY46IMbURj,,,,,51.45350647,-2.591705322,anonymous,EN-GB,Firefox,79,Windows NT 10.0,1920x1080,5f0c8009958a65612e4e176a,I consent to take part in the project on the basis set out above (Section A),English,Male,99,"I am in a quiet place without distractions, and I am either on a PC or laptop or on a mobile device that I am holding in landscape mode. I can use both hands to respond.,I do not have any more questions about the experiment.",5f0c8009958a65612e4e176a,5f10eee6363557437f328d22,02ujfsx2rk8o
07/08/2020 18:03,07/08/2020 18:04,Survey Preview,,100,37,TRUE,07/08/2020 18:04,R_1N32pBL0UGNkgAM,,,,,51.45350647,-2.591705322,preview,EN-GB,Firefox,79,Windows NT 10.0,1920x1080,4,I consent to take part in the project on the basis set out above (Section A),English,Female,99,"I am in a quiet place without distractions, and I am either on a PC or laptop or on a mobile device that I am holding in landscape mode. I can use both hands to respond.,I do not have any more questions about the experiment.",4,,
08/08/2020 10:08,08/08/2020 10:08,IP Address,90.252.130.71,100,16,TRUE,08/08/2020 10:08,R_1EbOut9fhIR0eqa,,,,,51.45350647,-2.591705322,anonymous,EN-GB,Firefox,79,Windows NT 10.0,1920x1080,5f0c8009958a65612e4e176a,I consent to take part in the project on the basis set out above (Section A),English,Male,99,"I am in a quiet place without distractions, and I am either on a PC or laptop or on a mobile device that I am holding in landscape mode. I can use both hands to respond.,I do not have any more questions about the experiment.",5f0c8009958a65612e4e176a,5f10eee6363557437f328d22,0ln8ncrjlkt
08/08/2020 10:17,08/08/2020 10:17,IP Address,90.252.130.71,100,19,TRUE,08/08/2020 10:17,R_08osLFSqrODrrwJ,,,,,51.45350647,-2.591705322,anonymous,EN-GB,Firefox,79,Windows NT 10.0,1920x1080,5f0c8009958a65612e4e176a,I consent to take part in the project on the basis set out above (Section A),English,Other,99,"I am in a quiet place without distractions, and I am either on a PC or laptop or on a mobile device that I am holding in landscape mode. I can use both hands to respond.,I do not have any more questions about the experiment.",5f0c8009958a65612e4e176a,5f10eee6363557437f328d22,064kh7aeu3jh
08/08/2020 10:21,08/08/2020 10:24,IP Address,5.65.107.218,100,151,TRUE,08/08/2020 10:24,R_1LtlquagUnnMOFT,,,,,52.00450134,-0.782302856,anonymous,EN-GB,Safari iPhone,13.1.1,iPhone,375x667,5efdcff83a6844231c003073,I consent to take part in the project on the basis set out above (Section A),English,Female,31,"I am in a quiet place without distractions, and I am either on a PC or laptop or on a mobile device that I am holding in landscape mode. I can use both hands to respond.",5efdcff83a6844231c003073,5f10eee6363557437f328d22,5f2e6eac71bd821da1fe4bde
08/08/2020 10:23,08/08/2020 10:25,IP Address,46.69.50.74,100,135,TRUE,08/08/2020 10:25,R_RwcPn49LvvkKl3P,,,,,52.95379639,-1.157104492,anonymous,EN-GB,Safari iPhone,11,iPhone,375x667,5cc96a6b5a7979000176e0cc,I consent to take part in the project on the basis set out above (Section A),English,Female,20,"I am in a quiet place without distractions, and I am either on a PC or laptop or on a mobile device that I am holding in landscape mode. I can use both hands to respond.",5cc96a6b5a7979000176e0cc,5f10eee6363557437f328d22,5f2e6eed2ffd3c1db64529ab
08/08/2020 10:24,08/08/2020 10:25,IP Address,82.36.16.156,100,43,TRUE,08/08/2020 10:25,R_2pQ37n0l7OxJDEG,,,,,55.04370117,-1.500198364,anonymous,EN-GB,Safari iPhone,13.1.1,iPhone,414x736,59e0054ed838ae0001850691,I consent to take part in the project on the basis set out above (Section A),English,Female,24,"I am in a quiet place without distractions, and I am either on a PC or laptop or on a mobile device that I am holding in landscape mode. I can use both hands to respond.,I do not have any more questions about the experiment.",59e0054ed838ae0001850691,5f10eee6363557437f328d22,5f2e6f57003ead029739ae28
08/08/2020 10:25,08/08/2020 10:26,IP Address,5.198.77.141,100,73,TRUE,08/08/2020 10:26,R_1GK6hIprZecvksl,,,,,53.76060486,-0.373397827,anonymous,EN-GB,Chrome,84.0.4147.105,Windows NT 6.1,1920x1080,5c4602713d08e80001369876,I consent to take part in the project on the basis set out above (Section A),English,Male,23,"I am in a quiet place without distractions, and I am either on a PC or laptop or on a mobile device that I am holding in landscape mode. I can use both hands to respond.,I do not have any more questions about the experiment.",5c4602713d08e80001369876,5f10eee6363557437f328d22,5f2e6f747729c51df4b22073
08/08/2020 10:25,08/08/2020 10:27,IP Address,185.99.139.142,100,129,TRUE,08/08/2020 10:27,R_r1pbnM5Ir8ANzCV,,,,,52.27160645,-9.705596924,anonymous,EN-GB,Chrome,83.0.4103.116,Macintosh,1440x900,5f2bcbf1eb53d868eed230c8,I consent to take part in the project on the basis set out above (Section A),English,Female,19,"I am in a quiet place without distractions, and I am either on a PC or laptop or on a mobile device that I am holding in landscape mode. I can use both hands to respond.",5f2bcbf1eb53d868eed230c8,5f10eee6363557437f328d22,5f2e6f808a24521d98e5d03c
08/08/2020 10:35,08/08/2020 10:36,IP Address,82.132.233.219,100,69,TRUE,08/08/2020 10:37,R_30oeMYbQWZ0h5hN,,,,,51.49639893,-0.122406006,anonymous,EN-GB,Chrome,73.0.3683.90,Android 9,360x756,5f2aa0c85cf0cd3026283f76,I consent to take part in the project on the basis set out above (Section A),English,Female,26,"I am in a quiet place without distractions, and I am either on a PC or laptop or on a mobile device that I am holding in landscape mode. I can use both hands to respond.",5f2aa0c85cf0cd3026283f76,5f10eee6363557437f328d22,5f2e71f0971f30027656fcfe
08/08/2020 10:40,08/08/2020 10:42,IP Address,92.5.174.244,100,104,TRUE,08/08/2020 10:42,R_3RlbgxV4Qix6hZO,,,,,54.84539795,-1.882003784,anonymous,EN-GB,Edge,84.0.522.52,Windows NT 10.0,1366x768,5ec6ae38afab190b8b7b3be8,I consent to take part in the project on the basis set out above (Section A),English,Female,22,"I am in a quiet place without distractions, and I am either on a PC or laptop or on a mobile device that I am holding in landscape mode. I can use both hands to respond.,I do not have any more questions about the experiment.",5ec6ae38afab190b8b7b3be8,5f10eee6363557437f328d22,5f2e725c5d422e026f0ca677
08/08/2020 12:00,08/08/2020 12:03,IP Address,62.43.65.167,100,137,TRUE,08/08/2020 12:03,R_1jv5xStbXsKr6bo,,,,,39.47050476,-0.376495361,anonymous,EN-GB,Safari iPhone,13.1.1,iPhone,414x896,5f2e8596a2eef41fc9968887,I consent to take part in the project on the basis set out above (Section A),English,Male,99,"I am in a quiet place without distractions, and I am either on a PC or laptop or on a mobile device that I am holding in landscape mode. I can use both hands to respond.,I do not have any more questions about the experiment.",5f2e8596a2eef41fc9968887,,
10/08/2020 14:11,10/08/2020 14:11,Survey Preview,,100,23,TRUE,10/08/2020 14:11,R_3JxxyoEpzlHdyZX,,,,,51.45350647,-2.591705322,preview,EN-GB,Chrome,79.0.3945.93,Android 10,1920x1080,0,I consent to take part in the project on the basis set out above (Section A),English,Male,99,"I am in a quiet place without distractions, and I am either on a PC or laptop or on a mobile device that I am holding in landscape mode. I can use both hands to respond.,I do not have any more questions about the experiment.",0,,
10/08/2020 14:13,10/08/2020 14:14,IP Address,90.252.130.71,100,42,TRUE,10/08/2020 14:14,R_2rGywKI9hCeJcs1,,,,,51.45350647,-2.591705322,anonymous,EN-GB,Firefox,79,Windows NT 10.0,1920x1080,5f0c8009958a65612e4e176a,I consent to take part in the project on the basis set out above (Section A),English,Male,99,"I am in a quiet place without distractions, and I am either on a PC or laptop or on a mobile device that I am holding in landscape mode. I can use both hands to respond.,I do not have any more questions about the experiment.",5f0c8009958a65612e4e176a,5f31291acb8aea5c9dee6dcf,0lnuu7mp0wfk
10/08/2020 14:22,10/08/2020 14:22,Survey Preview,,100,45,TRUE,10/08/2020 14:22,R_26hFhD7KPTXBjxh,,,,,51.45350647,-2.591705322,preview,EN-GB,Chrome,84.0.4147.105,Windows NT 10.0,1920x1080,0,I consent to take part in the project on the basis set out above (Section A),English,Male,99,"I am in a quiet place without distractions, and I am either on a PC or laptop or on a mobile device that I am holding in landscape mode. I can use both hands to respond.,I do not have any more questions about the experiment.",0,,
10/08/2020 14:41,10/08/2020 14:41,IP Address,85.255.234.117,100,18,TRUE,10/08/2020 14:41,R_12yeHktDd0M5fdb,,,,,51.49639893,-0.122406006,anonymous,EN-GB,Firefox,68,Android 10,414x894,0,I consent to take part in the project on the basis set out above (Section A),English,Male,99,"I am in a quiet place without distractions, and I am either on a PC or laptop or on a mobile device that I am holding in landscape mode. I can use both hands to respond.,I do not have any more questions about the experiment.",0,,
10/08/2020 15:10,10/08/2020 15:11,IP Address,85.255.234.117,100,16,TRUE,10/08/2020 15:11,R_1GB3u1F7IgGLMkg,,,,,51.49639893,-0.122406006,anonymous,EN-GB,Chrome,84.0.4147.105,Android 10,412x915,0,I consent to take part in the project on the basis set out above (Section A),English,Male,99,"I am in a quiet place without distractions, and I am either on a PC or laptop or on a mobile device that I am holding in landscape mode. I can use both hands to respond.,I do not have any more questions about the experiment.",0,,
10/08/2020 15:15,10/08/2020 15:15,Spam,85.255.234.117,100,35,TRUE,10/08/2020 15:15,R_12xt8iKb1NzeMut,,,,,51.49639893,-0.122406006,anonymous,EN-GB,Chrome,84.0.4147.105,Android 10,412x915,0,I consent to take part in the project on the basis set out above (Section A),English,Male,99,"I am in a quiet place without distractions, and I am either on a PC or laptop or on a mobile device that I am holding in landscape mode. I can use both hands to respond.,I do not have any more questions about the experiment.",0,,
10/08/2020 15:17,10/08/2020 15:17,Spam,85.255.234.117,100,19,TRUE,10/08/2020 15:17,R_r75WhbheslIu3G9,,,,,51.49639893,-0.122406006,anonymous,EN-GB,Chrome,84.0.4147.105,Android 10,412x915,0,I consent to take part in the project on the basis set out above (Section A),English,Male,99,"I am in a quiet place without distractions, and I am either on a PC or laptop or on a mobile device that I am holding in landscape mode. I can use both hands to respond.,I do not have any more questions about the experiment.",0,,
10/08/2020 15:21,10/08/2020 15:22,Survey Preview,,100,19,TRUE,10/08/2020 15:22,R_3Hko7qNM1V2YAUy,,,,,51.45350647,-2.591705322,preview,EN-GB,Firefox,79,Windows NT 10.0,1920x1080,0,I consent to take part in the project on the basis set out above (Section A),English,Male,99,"I am in a quiet place without distractions, and I am either on a PC or laptop or on a mobile device that I am holding in landscape mode. I can use both hands to respond.,I do not have any more questions about the experiment.",0,,
10/08/2020 15:24,10/08/2020 15:25,IP Address,84.64.34.236,100,46,TRUE,10/08/2020 15:25,R_YPjqZg5Ne6elerT,,,,,51.56669617,-1.198501587,anonymous,EN-GB,Edge,18.18362,Windows NT 10.0,1368x768,59d4e4436cc82800013e32b0,I consent to take part in the project on the basis set out above (Section A),English,Female,37,"I am in a quiet place without distractions, and I am either on a PC or laptop or on a mobile device that I am holding in landscape mode. I can use both hands to respond.,I do not have any more questions about the experiment.",59d4e4436cc82800013e32b0,5f31291acb8aea5c9dee6dcf,5f315891c38e2c0d91410364
10/08/2020 15:24,10/08/2020 15:25,IP Address,86.169.69.167,100,72,TRUE,10/08/2020 15:25,R_VOme8WePkIhVpEl,,,,,54.582901,-5.932601929,anonymous,EN-GB,Chrome,79.0.3945.136,Android 10,412x869,5db6b2e41218ef000b26851d,I consent to take part in the project on the basis set out above (Section A),English,Female,33,"I am in a quiet place without distractions, and I am either on a PC or laptop or on a mobile device that I am holding in landscape mode. I can use both hands to respond.,I do not have any more questions about the experiment.",5db6b2e41218ef000b26851d,5f31291acb8aea5c9dee6dcf,5f3158965b670761d5e31c92
10/08/2020 15:26,10/08/2020 15:29,IP Address,82.44.52.207,100,162,TRUE,10/08/2020 15:29,R_2dR1LqC96qYlEBZ,,,,,53.49719238,-1.180801392,anonymous,EN-GB,Chrome,84.0.4147.111,Android 10,360x780,5e90cf731baf783ed0ae0a71,I consent to take part in the project on the basis set out above (Section A),English,Male,47,"I am in a quiet place without distractions, and I am either on a PC or laptop or on a mobile device that I am holding in landscape mode. I can use both hands to respond.,I do not have any more questions about the experiment.",5e90cf731baf783ed0ae0a71,5f31291acb8aea5c9dee6dcf,5f31590b944bea0d894be7e3
10/08/2020 15:24,10/08/2020 15:29,IP Address,81.158.2.188,100,260,TRUE,10/08/2020 15:29,R_2sRA2vTAhjLUhck,,,,,53.269104,-3.161300659,anonymous,EN-GB,Chrome,84.0.4147.105,Windows NT 10.0,1920x1080,5f2d9bac4a634e09294684c9,I consent to take part in the project on the basis set out above (Section A),English,Male,18,"I am in a quiet place without distractions, and I am either on a PC or laptop or on a mobile device that I am holding in landscape mode. I can use both hands to respond.,I do not have any more questions about the experiment.",5f2d9bac4a634e09294684c9,5f31291acb8aea5c9dee6dcf,5f3158abec679e62fe20e1b1
10/08/2020 15:28,10/08/2020 15:31,IP Address,213.205.192.97,100,147,TRUE,10/08/2020 15:31,R_3p8ZszbBN7DJkN8,,,,,53.55200195,-1.487197876,anonymous,EN-GB,Chrome,84.0.4147.111,Android 9,412x846,5ec83d67cfe53914464d2062,I consent to take part in the project on the basis set out above (Section A),English,Female,23,"I am in a quiet place without distractions, and I am either on a PC or laptop or on a mobile device that I am holding in landscape mode. I can use both hands to respond.,I do not have any more questions about the experiment.",5ec83d67cfe53914464d2062,5f31291acb8aea5c9dee6dcf,5f3159932a25990d8b7a7c79
10/08/2020 15:44,10/08/2020 15:47,IP Address,204.40.194.137,100,194,TRUE,10/08/2020 15:48,R_3jSu8M33XgVs3yE,,,,,43.71969604,-79.68800354,anonymous,EN-GB,Chrome,84.0.4147.105,Windows NT 10.0,1080x1920,5d86c09df681a1001a8dddc8,I consent to take part in the project on the basis set out above (Section A),English,Male,34,"I am in a quiet place without distractions, and I am either on a PC or laptop or on a mobile device that I am holding in landscape mode. I can use both hands to respond.,I do not have any more questions about the experiment.",5d86c09df681a1001a8dddc8,5f31291acb8aea5c9dee6dcf,5f315d43b84fa30d40288c56
10/08/2020 15:57,10/08/2020 15:59,IP Address,5.67.241.182,100,143,TRUE,10/08/2020 15:59,R_3qdJzmdbJPwUoit,,,,,51.51809692,0.194000244,anonymous,EN-GB,Chrome,83.0.4103.116,Macintosh,1440x900,5f0b062853f8960008793934,I consent to take part in the project on the basis set out above (Section A),English,Female,26,"I am in a quiet place without distractions, and I am either on a PC or laptop or on a mobile device that I am holding in landscape mode. I can use both hands to respond.,I do not have any more questions about the experiment.",5f0b062853f8960008793934,5f31291acb8aea5c9dee6dcf,5f31602c5de8e20e51b7f6b6
10/08/2020 15:58,10/08/2020 16:02,IP Address,86.170.48.180,100,190,TRUE,10/08/2020 16:02,R_2V2zM2RxXZiSnoR,,,,,52.90559387,-1.864898682,anonymous,EN-GB,Chrome,84.0.4147.89,Macintosh,1440x900,5ea1e178ff3ee50d69b46324,I consent to take part in the project on the basis set out above (Section A),English,Female,19,"I am in a quiet place without distractions, and I am either on a PC or laptop or on a mobile device that I am holding in landscape mode. I can use both hands to respond.,I do not have any more questions about the experiment.",5ea1e178ff3ee50d69b46324,5f31291acb8aea5c9dee6dcf,5f31602ed087a763bc12e4fc
10/08/2020 15:56,10/08/2020 16:02,IP Address,82.13.217.116,100,324,TRUE,10/08/2020 16:02,R_2aFvZPl04PJBC4B,,,,,51.58880615,-0.024703979,anonymous,EN-GB,Edge,84.0.522.44,Windows NT 10.0,1366x768,5ec614d37bf5d768c8564186,I consent to take part in the project on the basis set out above (Section A),English,Male,38,"I am in a quiet place without distractions, and I am either on a PC or laptop or on a mobile device that I am holding in landscape mode. I can use both hands to respond.,I do not have any more questions about the experiment.",5ec614d37bf5d768c8564186,5f31291acb8aea5c9dee6dcf,5f31602b1f31ef0d842cd0ce
10/08/2020 16:00,10/08/2020 16:04,IP Address,82.5.49.20,100,242,TRUE,10/08/2020 16:04,R_3CH1S7oBJ7xytpv,,,,,51.76170349,-0.105606079,anonymous,EN-GB,Chrome,84.0.4147.105,Macintosh,1280x800,5f2aed37c08ef8437c72aa73,I consent to take part in the project on the basis set out above (Section A),English,Female,27,"I am in a quiet place without distractions, and I am either on a PC or laptop or on a mobile device that I am holding in landscape mode. I can use both hands to respond.,I do not have any more questions about the experiment.",5f2aed37c08ef8437c72aa73,5f31291acb8aea5c9dee6dcf,5f3160282947eb6300806de0
10/08/2020 16:05,10/08/2020 16:07,IP Address,76.206.246.120,100,116,TRUE,10/08/2020 16:07,R_3QF6rZSbFdmuDuO,,,,,41.94090271,-87.65319824,anonymous,EN-GB,Chrome,84.0.4147.105,Windows NT 6.1,1536x864,5977e3867412f8000194e1fe,I consent to take part in the project on the basis set out above (Section A),English,Male,41,"I am in a quiet place without distractions, and I am either on a PC or laptop or on a mobile device that I am holding in landscape mode. I can use both hands to respond.,I do not have any more questions about the experiment.",5977e3867412f8000194e1fe,5f31291acb8aea5c9dee6dcf,5f31624c54c32063a312d26a
10/08/2020 16:06,10/08/2020 16:08,IP Address,86.165.26.139,100,141,TRUE,10/08/2020 16:08,R_1LXrzBQVNdhRJBT,,,,,51.33000183,-0.411300659,anonymous,EN-GB,Chrome,84.0.4147.111,Android 9,1280x800,5e9ffa9ee172201b04f1a4c6,I consent to take part in the project on the basis set out above (Section A),English,Female,39,"I am in a quiet place without distractions, and I am either on a PC or laptop or on a mobile device that I am holding in landscape mode. I can use both hands to respond.,I do not have any more questions about the experiment.",5e9ffa9ee172201b04f1a4c6,5f31291acb8aea5c9dee6dcf,5f316249ae7ca86514f42d0f
10/08/2020 16:06,10/08/2020 16:11,IP Address,90.253.129.84,100,288,TRUE,10/08/2020 16:11,R_bDA7GHTYvBgTffH,,,,,51.78869629,-2.229003906,anonymous,EN-GB,Chrome,84.0.4147.111,Android 10,424x918,5c576413a7890b0001f59a92,I consent to take part in the project on the basis set out above (Section A),English,Male,29,"I am in a quiet place without distractions, and I am either on a PC or laptop or on a mobile device that I am holding in landscape mode. I can use both hands to respond.,I do not have any more questions about the experiment.",5c576413a7890b0001f59a92,5f31291acb8aea5c9dee6dcf,5f31624984da600d80b106df
10/08/2020 16:10,10/08/2020 16:13,IP Address,78.146.203.109,100,148,TRUE,10/08/2020 16:13,R_1gtM5mvLDHhv04d,,,,,51.48390198,0.242492676,anonymous,EN-GB,Chrome,74.0.3729.157,Android 6.0.1,360x640,5c477c3b302d8a0001c52ee2,I consent to take part in the project on the basis set out above (Section A),English,Female,25,"I am in a quiet place without distractions, and I am either on a PC or laptop or on a mobile device that I am holding in landscape mode. I can use both hands to respond.,I do not have any more questions about the experiment.",5c477c3b302d8a0001c52ee2,5f31291acb8aea5c9dee6dcf,5f31624df7105d655054e692
10/08/2020 16:19,10/08/2020 16:20,IP Address,86.165.26.139,100,19,TRUE,10/08/2020 16:20,R_WciDX25x87tIFUJ,,,,,51.33000183,-0.411300659,anonymous,EN-GB,Chrome,84.0.4147.111,Android 9,800x1280,5e9ffa9ee172201b04f1a4c6,I consent to take part in the project on the basis set out above (Section A),English,Female,39,"I am in a quiet place without distractions, and I am either on a PC or laptop or on a mobile device that I am holding in landscape mode. I can use both hands to respond.,I do not have any more questions about the experiment.",5e9ffa9ee172201b04f1a4c6,5f31291acb8aea5c9dee6dcf,5f316249ae7ca86514f42d0f
10/08/2020 15:56,10/08/2020 16:20,IP Address,2.223.236.167,100,1443,TRUE,10/08/2020 16:20,R_1E6uzI27HBW0opl,,,,,51.46229553,-2.550201416,anonymous,EN-GB,Chrome,84.0.4147.105,Windows NT 10.0,1360x768,5e6d03bffab3ff2c403cb205,I consent to take part in the project on the basis set out above (Section A),English,Male,18,"I am in a quiet place without distractions, and I am either on a PC or laptop or on a mobile device that I am holding in landscape mode. I can use both hands to respond.,I do not have any more questions about the experiment.",5e6d03bffab3ff2c403cb205,5f31291acb8aea5c9dee6dcf,5f31602c006ebd649735c046
10/08/2020 16:22,10/08/2020 16:22,IP Address,80.2.91.54,100,40,TRUE,10/08/2020 16:22,R_2xPrWoW6b45gQZd,,,,,50.91659546,-1.267807007,anonymous,EN-GB,Chrome,84.0.4147.105,Windows NT 10.0,1920x1080,5efe309bf2f94230dc588d40,I consent to take part in the project on the basis set out above (Section A),English,Male,25,"I am in a quiet place without distractions, and I am either on a PC or laptop or on a mobile device that I am holding in landscape mode. I can use both hands to respond.,I do not have any more questions about the experiment.",5efe309bf2f94230dc588d40,5f31291acb8aea5c9dee6dcf,5f31662265f6d21046fe1af3
10/08/2020 16:22,10/08/2020 16:22,IP Address,199.189.106.243,100,37,TRUE,10/08/2020 16:22,R_3J9L9Dtf5RidvDL,,,,,40.75920105,-111.8874969,anonymous,EN-GB,Opera,69.0.3686.95,Windows NT 10.0,1366x768,5ee33ce832efb54e45adc345,I consent to take part in the project on the basis set out above (Section A),English,Female,23,"I am in a quiet place without distractions, and I am either on a PC or laptop or on a mobile device that I am holding in landscape mode. I can use both hands to respond.,I do not have any more questions about the experiment.",5ee33ce832efb54e45adc345,5f31291acb8aea5c9dee6dcf,5f31661ebdfe336517491f31
10/08/2020 16:22,10/08/2020 16:23,IP Address,67.4.169.244,100,44,TRUE,10/08/2020 16:23,R_3RflAIkZXQZYdeo,,,,,44.95089722,-93.33660126,anonymous,EN-GB,Chrome,84.0.4147.105,Windows NT 10.0,1280x720,5e71a80784155f0c75a56c70,I consent to take part in the project on the basis set out above (Section A),English,Female,24,"I am in a quiet place without distractions, and I am either on a PC or laptop or on a mobile device that I am holding in landscape mode. I can use both hands to respond.,I do not have any more questions about the experiment.",5e71a80784155f0c75a56c70,5f31291acb8aea5c9dee6dcf,5f3166287e10b9653cb021e4
10/08/2020 16:22,10/08/2020 16:23,IP Address,163.116.162.121,100,63,TRUE,10/08/2020 16:23,R_2WYKgoXlDE9wPh9,,,,,51.51319885,-0.096099854,anonymous,EN-GB,Chrome,84.0.4147.89,Windows NT 10.0,1536x864,5ee4aab1232e9d1b4d791bae,I consent to take part in the project on the basis set out above (Section A),English,Male,40,"I am in a quiet place without distractions, and I am either on a PC or laptop or on a mobile device that I am holding in landscape mode. I can use both hands to respond.,I do not have any more questions about the experiment.",5ee4aab1232e9d1b4d791bae,5f31291acb8aea5c9dee6dcf,5f31662799b5e764bc3205d5
10/08/2020 16:22,10/08/2020 16:23,IP Address,81.102.131.70,100,96,TRUE,10/08/2020 16:23,R_3g6gvBocn2mJZUy,,,,,51.46429443,-0.011901855,anonymous,EN-GB,Chrome,84.0.4147.105,Windows NT 10.0,1536x864,5d9312aa39412f00187c5490,I consent to take part in the project on the basis set out above (Section A),English,Female,28,"I am in a quiet place without distractions, and I am either on a PC or laptop or on a mobile device that I am holding in landscape mode. I can use both hands to respond.,I do not have any more questions about the experiment.",5d9312aa39412f00187c5490,5f31291acb8aea5c9dee6dcf,5f31662075b91d63765acfdd
10/08/2020 16:22,10/08/2020 16:24,IP Address,5.67.32.122,100,102,TRUE,10/08/2020 16:24,R_xgrtrOrjgDphD4R,,,,,52.00450134,-0.782302856,anonymous,EN-GB,Chrome,81.0.4044.138,Macintosh,1280x800,5d7a098214f08f00164031a0,I consent to take part in the project on the basis set out above (Section A),English,Female,34,"I am in a quiet place without distractions, and I am either on a PC or laptop or on a mobile device that I am holding in landscape mode. I can use both hands to respond.,I do not have any more questions about the experiment.",5d7a098214f08f00164031a0,5f31291acb8aea5c9dee6dcf,5f316625f90f86650dbf3513
10/08/2020 16:22,10/08/2020 16:24,IP Address,108.44.218.63,100,108,TRUE,10/08/2020 16:24,R_22Q7UcWYDYQWu9a,,,,,39.01800537,-77.53900146,anonymous,EN-GB,Chrome,84.0.4147.105,Windows NT 10.0,1920x1080,5e94627fbd18cc000995584c,I consent to take part in the project on the basis set out above (Section A),English,Male,50,"I am in a quiet place without distractions, and I am either on a PC or laptop or on a mobile device that I am holding in landscape mode. I can use both hands to respond.,I do not have any more questions about the experiment.",5e94627fbd18cc000995584c,5f31291acb8aea5c9dee6dcf,5f3166232d7fa56449d51ef9
10/08/2020 16:22,10/08/2020 16:24,IP Address,81.154.97.4,100,110,TRUE,10/08/2020 16:24,R_33p2pOoCtgiinGp,,,,,50.93209839,-1.389205933,anonymous,EN-GB,Firefox,81,Windows NT 10.0,1920x1080,5f06f8636d8943077dd53f66,I consent to take part in the project on the basis set out above (Section A),English,Male,19,"I am in a quiet place without distractions, and I am either on a PC or laptop or on a mobile device that I am holding in landscape mode. I can use both hands to respond.,I do not have any more questions about the experiment.",5f06f8636d8943077dd53f66,5f31291acb8aea5c9dee6dcf,5f3166213d736d64319ae168
10/08/2020 16:22,10/08/2020 16:24,IP Address,90.192.29.7,100,114,TRUE,10/08/2020 16:24,R_1dH8CO9aMgGRc7Q,,,,,51.32949829,0.57800293,anonymous,EN-GB,Firefox,78,Windows NT 10.0,1600x900,5e5012ec47808406305d6a0d,I consent to take part in the project on the basis set out above (Section A),English,Male,56,"I am in a quiet place without distractions, and I am either on a PC or laptop or on a mobile device that I am holding in landscape mode. I can use both hands to respond.,I do not have any more questions about the experiment.",5e5012ec47808406305d6a0d,5f31291acb8aea5c9dee6dcf,5f31661f1f224964b6de4290
10/08/2020 16:22,10/08/2020 16:24,IP Address,2.223.68.35,100,150,TRUE,10/08/2020 16:24,R_3Dc4oUJUCcKli6G,,,,,51.32949829,0.57800293,anonymous,EN-GB,Chrome,84.0.4147.111,Android 10,412x869,5db1de78d823e2000a85520b,I consent to take part in the project on the basis set out above (Section A),English,Female,27,"I am in a quiet place without distractions, and I am either on a PC or laptop or on a mobile device that I am holding in landscape mode. I can use both hands to respond.,I do not have any more questions about the experiment.",5db1de78d823e2000a85520b,5f31291acb8aea5c9dee6dcf,5f31661e0788730ea4903c9f
10/08/2020 16:23,10/08/2020 16:25,IP Address,12.110.80.31,100,132,TRUE,10/08/2020 16:25,R_3C4jxFY0iQShbih,,,,,40.75030518,-74.00140381,anonymous,EN-GB,Chrome,77.0.3865.92,Android 9,360x800,5ef35f1554cf70092d1997d9,I consent to take part in the project on the basis set out above (Section A),English,Female,25,"I am in a quiet place without distractions, and I am either on a PC or laptop or on a mobile device that I am holding in landscape mode. I can use both hands to respond.,I do not have any more questions about the experiment.",5ef35f1554cf70092d1997d9,5f31291acb8aea5c9dee6dcf,5f316622d711ca0df172ba02
10/08/2020 16:22,10/08/2020 16:26,IP Address,146.200.35.252,100,227,TRUE,10/08/2020 16:26,R_3q9XxyP62dt1KfZ,,,,,57.80900574,-4.057601929,anonymous,EN-GB,Firefox,79,Windows NT 6.1,1600x900,5dd11ee349f6071aef4519bb,I consent to take part in the project on the basis set out above (Section A),English,Male,52,"I am in a quiet place without distractions, and I am either on a PC or laptop or on a mobile device that I am holding in landscape mode. I can use both hands to respond.,I do not have any more questions about the experiment.",5dd11ee349f6071aef4519bb,5f31291acb8aea5c9dee6dcf,5f31662ab047060edf495d71
10/08/2020 16:22,10/08/2020 16:26,IP Address,73.108.222.80,100,263,TRUE,10/08/2020 16:26,R_2pJLLMohI4tS2Mk,,,,,35.93479919,-84.51550293,anonymous,EN-GB,Chrome,84.0.4147.105,Windows NT 10.0,1600x900,5f2aeb9e0f60154413ed7f5e,I consent to take part in the project on the basis set out above (Section A),English,Female,28,"I am in a quiet place without distractions, and I am either on a PC or laptop or on a mobile device that I am holding in landscape mode. I can use both hands to respond.,I do not have any more questions about the experiment.",5f2aeb9e0f60154413ed7f5e,5f31291acb8aea5c9dee6dcf,5f3166223d5eeb0e75fdaed4
10/08/2020 16:27,10/08/2020 16:29,IP Address,92.9.130.232,100,116,TRUE,10/08/2020 16:29,R_2tFq24RIcrNLiHQ,,,,,52.59880066,-1.997802734,anonymous,EN-GB,Chrome,84.0.4147.111,Android 10,412x869,5ed368ce7400922f544fdecc,I consent to take part in the project on the basis set out above (Section A),English,Male,43,"I am in a quiet place without distractions, and I am either on a PC or laptop or on a mobile device that I am holding in landscape mode. I can use both hands to respond.,I do not have any more questions about the experiment.",5ed368ce7400922f544fdecc,5f31291acb8aea5c9dee6dcf,5f3166200553a9110211998d
10/08/2020 16:30,10/08/2020 16:31,Spam,86.165.26.139,100,22,TRUE,10/08/2020 16:31,R_1JWRz34VNmKeHj5,,,,,51.33000183,-0.411300659,anonymous,EN-GB,Chrome,84.0.4147.111,Android 9,800x1280,5e9ffa9ee172201b04f1a4c6,I consent to take part in the project on the basis set out above (Section A),English,Female,39,"I am in a quiet place without distractions, and I am either on a PC or laptop or on a mobile device that I am holding in landscape mode. I can use both hands to respond.,I do not have any more questions about the experiment.",5e9ffa9ee172201b04f1a4c6,5f31291acb8aea5c9dee6dcf,5f316249ae7ca86514f42d0f
10/08/2020 16:22,10/08/2020 16:32,IP Address,90.254.215.126,100,602,TRUE,10/08/2020 16:32,R_2b35YyyZG1MVeYc,,,,,51.3249054,-0.568099976,anonymous,EN-GB,Firefox,79,Macintosh,1440x900,5d2dbfc01460350001333a97,I consent to take part in the project on the basis set out above (Section A),English,Male,26,"I am in a quiet place without distractions, and I am either on a PC or laptop or on a mobile device that I am holding in landscape mode. I can use both hands to respond.,I do not have any more questions about the experiment.",5d2dbfc01460350001333a97,5f31291acb8aea5c9dee6dcf,5f31661b2a25990f3c0bc9d2
10/08/2020 16:45,10/08/2020 16:47,IP Address,86.176.217.231,100,149,TRUE,10/08/2020 16:47,R_1OGIc1Av2eSuoyR,,,,,52.46769714,-2.147201538,anonymous,EN-GB,Chrome,84.0.4147.105,Windows NT 10.0,1536x864,5e19b97a8a76fb239d3e33d6,I consent to take part in the project on the basis set out above (Section A),English,Female,32,"I am in a quiet place without distractions, and I am either on a PC or laptop or on a mobile device that I am holding in landscape mode. I can use both hands to respond.,I do not have any more questions about the experiment.",5e19b97a8a76fb239d3e33d6,5f31291acb8aea5c9dee6dcf,5f31624d74ab8c0f3b97d036
10/08/2020 16:47,10/08/2020 16:50,IP Address,76.186.55.147,100,161,TRUE,10/08/2020 16:50,R_3Ol8xIugJRwsH4t,,,,,33.01759338,-96.99259949,anonymous,EN-GB,Firefox,79,Windows NT 6.1,1360x768,5c0c90e7632102000147c3cc,I consent to take part in the project on the basis set out above (Section A),English,Male,32,"I am in a quiet place without distractions, and I am either on a PC or laptop or on a mobile device that I am holding in landscape mode. I can use both hands to respond.,I do not have any more questions about the experiment.",5c0c90e7632102000147c3cc,5f31291acb8aea5c9dee6dcf,5f316c0d6c83cd000a7b51ce
10/08/2020 16:57,10/08/2020 16:58,IP Address,86.130.10.145,100,80,TRUE,10/08/2020 16:58,R_2QW0QXLq6vXhmfq,,,,,51.9947052,-0.722106934,anonymous,EN-GB,Firefox,79,Windows NT 10.0,1920x1080,5c1d232074ad0b0001531eea,I consent to take part in the project on the basis set out above (Section A),English,Male,30,"I am in a quiet place without distractions, and I am either on a PC or laptop or on a mobile device that I am holding in landscape mode. I can use both hands to respond.,I do not have any more questions about the experiment.",5c1d232074ad0b0001531eea,5f31291acb8aea5c9dee6dcf,5f316e4c8b119d0009c5d33a
10/08/2020 17:45,10/08/2020 17:45,IP Address,79.67.149.157,100,49,TRUE,10/08/2020 17:45,R_3ptpCFDZCyzidEc,,,,,52.96479797,-1.213195801,anonymous,EN-GB,Chrome,84.0.4147.105,Macintosh,1280x800,5d1f680b4a21e00001818cf2,I consent to take part in the project on the basis set out above (Section A),English,Male,28,"I am in a quiet place without distractions, and I am either on a PC or laptop or on a mobile device that I am holding in landscape mode. I can use both hands to respond.,I do not have any more questions about the experiment.",5d1f680b4a21e00001818cf2,5f31291acb8aea5c9dee6dcf,5f31797c1277bc0320feba1b
10/08/2020 17:44,10/08/2020 17:46,IP Address,71.121.232.10,100,76,TRUE,10/08/2020 17:46,R_25Mimx0oTrLffEw,,,,,39.207901,-76.95929718,anonymous,EN-GB,Chrome,84.0.4147.105,Windows NT 10.0,1536x864,5e3d8f6b6b1c15033ce417f4,I consent to take part in the project on the basis set out above (Section A),English,Female,20,"I am in a quiet place without distractions, and I am either on a PC or laptop or on a mobile device that I am holding in landscape mode. I can use both hands to respond.,I do not have any more questions about the experiment.",5e3d8f6b6b1c15033ce417f4,5f31291acb8aea5c9dee6dcf,5f31797c4c0e2b02d696e8ff
10/08/2020 17:44,10/08/2020 17:46,IP Address,47.41.177.93,100,105,TRUE,10/08/2020 17:46,R_1Gwtz9vYz2pRxYu,,,,,43.74090576,-87.72979736,anonymous,EN-GB,Firefox,79,Windows NT 10.0,1536x864,5ef6a216cf5fa438db69c355,I consent to take part in the project on the basis set out above (Section A),English,Male,33,"I am in a quiet place without distractions, and I am either on a PC or laptop or on a mobile device that I am holding in landscape mode. I can use both hands to respond.,I do not have any more questions about the experiment.",5ef6a216cf5fa438db69c355,5f31291acb8aea5c9dee6dcf,5f31797a1b9c9602d7759983
10/08/2020 17:44,10/08/2020 17:46,IP Address,87.205.67.130,100,108,TRUE,10/08/2020 17:46,R_1k0NGmgihEJ6ZBz,,,,,52.40519714,16.93389893,anonymous,EN-GB,Opera,68.0.3618.206,Windows NT 10.0,1920x1080,5e875f10bde8373bdc2eac32,I consent to take part in the project on the basis set out above (Section A),English,Male,21,"I am in a quiet place without distractions, and I am either on a PC or laptop or on a mobile device that I am holding in landscape mode. I can use both hands to respond.,I do not have any more questions about the experiment.",5e875f10bde8373bdc2eac32,5f31291acb8aea5c9dee6dcf,5f31798048f12302c5e137ae
10/08/2020 17:44,10/08/2020 17:46,IP Address,46.69.125.50,100,110,TRUE,10/08/2020 17:46,R_YPo0a5mr3brArvj,,,,,54.71429443,-3.487594604,anonymous,EN-GB,Chrome,79.0.3945.136,Android 10,412x846,5e2322100e12225cf287f0a4,I consent to take part in the project on the basis set out above (Section A),English,Female,68,"I am in a quiet place without distractions, and I am either on a PC or laptop or on a mobile device that I am holding in landscape mode. I can use both hands to respond.,I do not have any more questions about the experiment.",5e2322100e12225cf287f0a4,5f31291acb8aea5c9dee6dcf,5f31797c516e23034ca4ef85
10/08/2020 17:45,10/08/2020 17:46,IP Address,94.193.37.155,100,103,TRUE,10/08/2020 17:46,R_1Q5T5cBXpvtzKT9,,,,,51.50540161,-3.579406738,anonymous,EN-GB,Chrome,79.0.3945.136,Android 10,360x800,5d78986d4531b9001508752d,I consent to take part in the project on the basis set out above (Section A),English,Male,32,"I am in a quiet place without distractions, and I am either on a PC or laptop or on a mobile device that I am holding in landscape mode. I can use both hands to respond.,I do not have any more questions about the experiment.",5d78986d4531b9001508752d,5f31291acb8aea5c9dee6dcf,5f317980ad465202d7132af8
10/08/2020 17:45,10/08/2020 17:46,IP Address,88.108.216.234,100,84,TRUE,10/08/2020 17:46,R_3gArklBLH5yagEh,,,,,51.51130676,-0.271392822,anonymous,EN-GB,Chrome,84.0.4147.105,Windows NT 10.0,1536x864,5ebf22d18258381b86086132,I consent to take part in the project on the basis set out above (Section A),English,Female,19,"I am in a quiet place without distractions, and I am either on a PC or laptop or on a mobile device that I am holding in landscape mode. I can use both hands to respond.,I do not have any more questions about the experiment.",5ebf22d18258381b86086132,5f31291acb8aea5c9dee6dcf,5f31797b8432b8032f42e1e9
10/08/2020 17:45,10/08/2020 17:47,IP Address,24.107.85.75,100,97,TRUE,10/08/2020 17:47,R_2ZZXqHuF0irgwat,,,,,38.61010742,-90.55999756,anonymous,EN-GB,Chrome,83.0.4103.61,Macintosh,1440x900,5ee561897247c02ad544c299,I consent to take part in the project on the basis set out above (Section A),English,Male,38,"I am in a quiet place without distractions, and I am either on a PC or laptop or on a mobile device that I am holding in landscape mode. I can use both hands to respond.,I do not have any more questions about the experiment.",5ee561897247c02ad544c299,5f31291acb8aea5c9dee6dcf,5f317979c8616a033634b65d
10/08/2020 17:46,10/08/2020 17:48,IP Address,2.124.106.39,100,139,TRUE,10/08/2020 17:48,R_T4JZgSHdihKsAFj,,,,,57.13859558,-2.176101685,anonymous,EN-GB,Chrome,84.0.4147.105,Windows NT 10.0,1920x1080,5755c957eb80c4000741a9ce,I consent to take part in the project on the basis set out above (Section A),English,Male,37,"I am in a quiet place without distractions, and I am either on a PC or laptop or on a mobile device that I am holding in landscape mode. I can use both hands to respond.,I do not have any more questions about the experiment.",5755c957eb80c4000741a9ce,5f31291acb8aea5c9dee6dcf,5f31797ec5e8ba031a0c0784
10/08/2020 17:45,10/08/2020 17:48,IP Address,47.48.207.230,100,192,TRUE,10/08/2020 17:48,R_1C749t8K1vMzFlA,,,,,33.56370544,-84.2111969,anonymous,EN-GB,Firefox,79,Windows NT 10.0,1366x768,5ef89381b14cb50009b994db,I consent to take part in the project on the basis set out above (Section A),English,Male,40,"I am in a quiet place without distractions, and I am either on a PC or laptop or on a mobile device that I am holding in landscape mode. I can use both hands to respond.,I do not have any more questions about the experiment.",5ef89381b14cb50009b994db,5f31291acb8aea5c9dee6dcf,5f31797cd0ff460321720516
10/08/2020 17:44,10/08/2020 17:49,IP Address,5.65.18.99,100,264,TRUE,10/08/2020 17:49,R_3I0iqHzEmXt9kNU,,,,,53.50950623,-2.587600708,anonymous,EN-GB,Chrome,84.0.4147.105,Macintosh,2560x1440,5e18ca0eba65e719f09679ba,I consent to take part in the project on the basis set out above (Section A),English,Female,30,"I am in a quiet place without distractions, and I am either on a PC or laptop or on a mobile device that I am holding in landscape mode. I can use both hands to respond.,I do not have any more questions about the experiment.",5e18ca0eba65e719f09679ba,5f31291acb8aea5c9dee6dcf,5f317980304d250266a6af0e
10/08/2020 17:47,10/08/2020 17:49,IP Address,5.68.210.196,100,139,TRUE,10/08/2020 17:49,R_2R4zPwtspUr3ZQl,,,,,55.91130066,-4.217605591,anonymous,EN-GB,Chrome,84.0.4147.105,Macintosh,1440x900,5f2d4939e1b8742bba60a1e4,I consent to take part in the project on the basis set out above (Section A),English,Male,21,"I am in a quiet place without distractions, and I am either on a PC or laptop or on a mobile device that I am holding in landscape mode. I can use both hands to respond.,I do not have any more questions about the experiment.",5f2d4939e1b8742bba60a1e4,5f31291acb8aea5c9dee6dcf,5f31797861b74802656f857f
10/08/2020 17:45,10/08/2020 17:54,IP Address,86.140.255.221,100,544,TRUE,10/08/2020 17:54,R_9N9qVuMUwobQQaB,,,,,53.78939819,-2.575500488,anonymous,EN-GB,Chrome,84.0.4147.105,Windows NT 10.0,2560x1440,5ea5b7467bc3955b6bf0a1ca,I consent to take part in the project on the basis set out above (Section A),English,Male,24,"I am in a quiet place without distractions, and I am either on a PC or laptop or on a mobile device that I am holding in landscape mode. I can use both hands to respond.,I do not have any more questions about the experiment.",5ea5b7467bc3955b6bf0a1ca,5f31291acb8aea5c9dee6dcf,5f3179800256e5026299fd6f
10/08/2020 17:57,10/08/2020 18:02,IP Address,176.251.45.207,100,311,TRUE,10/08/2020 18:02,R_NXwUXOGzSJapT9L,,,,,51.47309875,-0.343795776,anonymous,EN-GB,Chrome,84.0.4147.105,Windows NT 6.2,1600x900,5e28e735ea776009d4d15c34,I consent to take part in the project on the basis set out above (Section A),English,Male,34,"I am in a quiet place without distractions, and I am either on a PC or laptop or on a mobile device that I am holding in landscape mode. I can use both hands to respond.,I do not have any more questions about the experiment.",5e28e735ea776009d4d15c34,5f31291acb8aea5c9dee6dcf,5f31797d1e274d025f5f42fa
10/08/2020 18:07,10/08/2020 18:08,IP Address,82.39.98.120,100,38,TRUE,10/08/2020 18:08,R_PRsAxHRvtBT3lDP,,,,,51.57879639,-0.123504639,anonymous,EN-GB,Chrome,84.0.4147.105,Macintosh,1440x900,5ebbf5e7aee67702ea450cf2,I consent to take part in the project on the basis set out above (Section A),English,Male,26,"I am in a quiet place without distractions, and I am either on a PC or laptop or on a mobile device that I am holding in landscape mode. I can use both hands to respond.,I do not have any more questions about the experiment.",5ebbf5e7aee67702ea450cf2,5f31291acb8aea5c9dee6dcf,5f317ed954b01e044c3b3780
10/08/2020 18:07,10/08/2020 18:08,IP Address,88.109.36.177,100,36,TRUE,10/08/2020 18:08,R_2AL4rFjRW5R3GCu,,,,,52.04730225,-4.660003662,anonymous,EN-GB,Edge,84.0.522.52,Windows NT 10.0,1366x768,5ed29ca1126970098589f622,I consent to take part in the project on the basis set out above (Section A),English,Female,31,"I am in a quiet place without distractions, and I am either on a PC or laptop or on a mobile device that I am holding in landscape mode. I can use both hands to respond.,I do not have any more questions about the experiment.",5ed29ca1126970098589f622,5f31291acb8aea5c9dee6dcf,5f317edfd5b9630416fb8329
10/08/2020 18:07,10/08/2020 18:08,IP Address,76.94.89.43,100,49,TRUE,10/08/2020 18:08,R_1OrTCczRYsHs1i7,,,,,34.1927948,-118.4886017,anonymous,EN-GB,Chrome,84.0.4147.105,Macintosh,1440x900,5846c387d2be990001174c6f,I consent to take part in the project on the basis set out above (Section A),English,Male,29,"I am in a quiet place without distractions, and I am either on a PC or laptop or on a mobile device that I am holding in landscape mode. I can use both hands to respond.,I do not have any more questions about the experiment.",5846c387d2be990001174c6f,5f31291acb8aea5c9dee6dcf,5f317edb8a0f4f04549cd85c
10/08/2020 18:07,10/08/2020 18:08,IP Address,86.184.209.107,100,58,TRUE,10/08/2020 18:08,R_1LZERC16DqQxUSw,,,,,53.58659363,-2.435394287,anonymous,EN-GB,Chrome,84.0.4147.105,Windows NT 10.0,1920x1080,5f1487c186fcde504cfd70d7,I consent to take part in the project on the basis set out above (Section A),English,Male,21,"I am in a quiet place without distractions, and I am either on a PC or laptop or on a mobile device that I am holding in landscape mode. I can use both hands to respond.,I do not have any more questions about the experiment.",5f1487c186fcde504cfd70d7,5f31291acb8aea5c9dee6dcf,5f317ee1cc3ea2046d2d2938
10/08/2020 18:07,10/08/2020 18:08,IP Address,92.11.230.89,100,60,TRUE,10/08/2020 18:08,R_2anUBRNPytYYt5b,,,,,51.49890137,-0.238998413,anonymous,EN-GB,Chrome,84.0.4147.105,Windows NT 10.0,1920x1080,5f0be5b2bc55e434486fad66,I consent to take part in the project on the basis set out above (Section A),English,Male,18,"I am in a quiet place without distractions, and I am either on a PC or laptop or on a mobile device that I am holding in landscape mode. I can use both hands to respond.,I do not have any more questions about the experiment.",5f0be5b2bc55e434486fad66,5f31291acb8aea5c9dee6dcf,5f317edf8a533404a93e36df
10/08/2020 18:07,10/08/2020 18:08,IP Address,188.30.188.240,100,59,TRUE,10/08/2020 18:08,R_1dzvhVrHiEgkIFw,,,,,51.49639893,-0.122406006,anonymous,EN-GB,Chrome,84.0.4147.105,Windows NT 10.0,1920x1080,5ef67c10ab1a7e379bfbc42f,I consent to take part in the project on the basis set out above (Section A),English,Male,24,"I am in a quiet place without distractions, and I am either on a PC or laptop or on a mobile device that I am holding in landscape mode. I can use both hands to respond.,I do not have any more questions about the experiment.",5ef67c10ab1a7e379bfbc42f,5f31291acb8aea5c9dee6dcf,5f317ee03ca51903f08d6202
10/08/2020 18:07,10/08/2020 18:09,IP Address,69.137.162.151,100,90,TRUE,10/08/2020 18:09,R_1OiPDT2Ie7Epxgo,,,,,27.63160706,-80.40460205,anonymous,EN-GB,Firefox,79,Windows NT 10.0,1280x720,5dcf0e94fce60605794da411,I consent to take part in the project on the basis set out above (Section A),English,Male,71,"I am in a quiet place without distractions, and I am either on a PC or laptop or on a mobile device that I am holding in landscape mode. I can use both hands to respond.,I do not have any more questions about the experiment.",5dcf0e94fce60605794da411,5f31291acb8aea5c9dee6dcf,5f317ed9e216200464eb0a43
10/08/2020 18:07,10/08/2020 18:09,IP Address,5.69.245.240,100,88,TRUE,10/08/2020 18:09,R_BVSz0xnisZ3dUid,,,,,55.9631958,-3.254592896,anonymous,EN-GB,Chrome,79.0.3945.136,Android 10,360x800,5cedb6b3dfb27200199626a0,I consent to take part in the project on the basis set out above (Section A),English,Female,33,"I am in a quiet place without distractions, and I am either on a PC or laptop or on a mobile device that I am holding in landscape mode. I can use both hands to respond.,I do not have any more questions about the experiment.",5cedb6b3dfb27200199626a0,5f31291acb8aea5c9dee6dcf,5f317edd88b27f046a892e84
10/08/2020 18:07,10/08/2020 18:09,IP Address,99.234.170.100,100,93,TRUE,10/08/2020 18:09,R_3PMhA8Z3GyBzMfU,,,,,43.73869324,-79.72709656,anonymous,EN-GB,Chrome,84.0.4147.105,Macintosh,1440x900,5e988374315d6f0a10bac638,I consent to take part in the project on the basis set out above (Section A),English,Female,24,"I am in a quiet place without distractions, and I am either on a PC or laptop or on a mobile device that I am holding in landscape mode. I can use both hands to respond.,I do not have any more questions about the experiment.",5e988374315d6f0a10bac638,5f31291acb8aea5c9dee6dcf,5f317edf94d4fd0460a385ef
10/08/2020 18:07,10/08/2020 18:09,IP Address,72.177.1.210,100,120,TRUE,10/08/2020 18:09,R_2uCYgYyaBHDNmGJ,,,,,30.40319824,-97.75299835,anonymous,EN-GB,Chrome,84.0.4147.105,Macintosh,1440x900,5edea84a36d2b814cfce6116,I consent to take part in the project on the basis set out above (Section A),English,Male,20,"I am in a quiet place without distractions, and I am either on a PC or laptop or on a mobile device that I am holding in landscape mode. I can use both hands to respond.,I do not have any more questions about the experiment.",5edea84a36d2b814cfce6116,5f31291acb8aea5c9dee6dcf,5f317ee0460e3203a3414f58
10/08/2020 18:07,10/08/2020 18:10,IP Address,90.219.154.162,100,131,TRUE,10/08/2020 18:10,R_2VkjiguMrElk2jS,,,,,54.63169861,-3.533798218,anonymous,EN-GB,Edge,84.0.522.52,Windows NT 10.0,1366x768,59efd2b3d838ae000185123a,I consent to take part in the project on the basis set out above (Section A),English,Female,27,"I am in a quiet place without distractions, and I am either on a PC or laptop or on a mobile device that I am holding in landscape mode. I can use both hands to respond.,I do not have any more questions about the experiment.",59efd2b3d838ae000185123a,5f31291acb8aea5c9dee6dcf,5f317edf21767d03ca4be48a
10/08/2020 18:08,10/08/2020 18:10,IP Address,86.175.191.193,100,128,TRUE,10/08/2020 18:10,R_Y06IXi6xtPuBxEB,,,,,53.62350464,-2.335205078,anonymous,EN-GB,Chrome,81.0.4044.113,Windows NT 10.0,1536x864,5e36f37bbdc067675450705f,I consent to take part in the project on the basis set out above (Section A),English,Male,19,"I am in a quiet place without distractions, and I am either on a PC or laptop or on a mobile device that I am holding in landscape mode. I can use both hands to respond.,I do not have any more questions about the experiment.",5e36f37bbdc067675450705f,5f31291acb8aea5c9dee6dcf,5f317edd8c00af045b5ddf76
10/08/2020 18:07,10/08/2020 18:12,IP Address,90.214.243.211,100,275,TRUE,10/08/2020 18:12,R_22DnGkRy5x0YtjY,,,,,51.57879639,-0.123504639,anonymous,EN-GB,Chrome,84.0.4147.105,Windows NT 10.0,1536x864,5ca8f085685e370018b704b2,I consent to take part in the project on the basis set out above (Section A),English,Male,26,"I am in a quiet place without distractions, and I am either on a PC or laptop or on a mobile device that I am holding in landscape mode. I can use both hands to respond.,I do not have any more questions about the experiment.",5ca8f085685e370018b704b2,5f31291acb8aea5c9dee6dcf,5f317edb534b6d0406c5c036
10/08/2020 18:10,10/08/2020 18:15,IP Address,107.77.202.41,100,305,TRUE,10/08/2020 18:15,R_1d45lsAOPakjHVG,,,,,38.88650513,-77.0911026,anonymous,EN-GB,Chrome,84.0.4147.105,Windows NT 6.1,1024x768,5deaac8dff7f711d9032fa94,I consent to take part in the project on the basis set out above (Section A),English,Female,29,"I am in a quiet place without distractions, and I am either on a PC or laptop or on a mobile device that I am holding in landscape mode. I can use both hands to respond.,I do not have any more questions about the experiment.",5deaac8dff7f711d9032fa94,5f31291acb8aea5c9dee6dcf,5f317ee0822bc803a28aff3b
10/08/2020 18:10,10/08/2020 18:16,IP Address,74.140.39.1,100,345,TRUE,10/08/2020 18:16,R_3O6OG4pZwDLsq72,,,,,40.24589539,-83.36029816,anonymous,EN-GB,Firefox,79,Windows NT 10.0,1280x720,5f28854b5672311974ef3f3a,I consent to take part in the project on the basis set out above (Section A),English,Male,41,"I am in a quiet place without distractions, and I am either on a PC or laptop or on a mobile device that I am holding in landscape mode. I can use both hands to respond.,I do not have any more questions about the experiment.",5f28854b5672311974ef3f3a,5f31291acb8aea5c9dee6dcf,5f317f8944b44603f685a674
10/08/2020 18:16,10/08/2020 18:17,IP Address,157.131.94.0,100,50,TRUE,10/08/2020 18:17,R_1IGyjW1wjwkTStG,,,,,37.89219666,-122.2729034,anonymous,EN-GB,Chrome,84.0.4147.105,Macintosh,1680x1050,5afa5252672ea800010d97e6,I consent to take part in the project on the basis set out above (Section A),English,Female,33,"I am in a quiet place without distractions, and I am either on a PC or laptop or on a mobile device that I am holding in landscape mode. I can use both hands to respond.,I do not have any more questions about the experiment.",5afa5252672ea800010d97e6,5f31291acb8aea5c9dee6dcf,5f3180e99c3b3e0468d08264
10/08/2020 18:16,10/08/2020 18:17,IP Address,73.42.212.195,100,62,TRUE,10/08/2020 18:17,R_3iy8CH55T0wm80b,,,,,47.15800476,-122.5462036,anonymous,EN-GB,Chrome,84.0.4147.105,Windows NT 10.0,1920x1080,5dd03b1749f607128e66ca09,I consent to take part in the project on the basis set out above (Section A),English,Female,44,"I am in a quiet place without distractions, and I am either on a PC or laptop or on a mobile device that I am holding in landscape mode. I can use both hands to respond.,I do not have any more questions about the experiment.",5dd03b1749f607128e66ca09,5f31291acb8aea5c9dee6dcf,5f3180e7516e23046b9ef2cf
10/08/2020 18:16,10/08/2020 18:18,IP Address,68.57.208.4,100,113,TRUE,10/08/2020 18:18,R_tJsXWQSH3FQKHEB,,,,,39.67570496,-86.06939697,anonymous,EN-GB,Chrome,84.0.4147.89,Windows NT 10.0,1600x900,5efff21045937e0f18c41b2e,I consent to take part in the project on the basis set out above (Section A),English,Female,39,"I am in a quiet place without distractions, and I am either on a PC or laptop or on a mobile device that I am holding in landscape mode. I can use both hands to respond.,I do not have any more questions about the experiment.",5efff21045937e0f18c41b2e,5f31291acb8aea5c9dee6dcf,5f3180e93287cb047ca3b038
10/08/2020 18:16,10/08/2020 18:18,IP Address,174.103.171.161,100,99,TRUE,10/08/2020 18:18,R_3rYf2ZkKX11tpRc,,,,,43.07420349,-87.91490173,anonymous,EN-GB,Chrome,84.0.4147.105,Macintosh,2560x1440,5ef3723b50bced0c4a711686,I consent to take part in the project on the basis set out above (Section A),English,Male,51,"I am in a quiet place without distractions, and I am either on a PC or laptop or on a mobile device that I am holding in landscape mode. I can use both hands to respond.,I do not have any more questions about the experiment.",5ef3723b50bced0c4a711686,5f31291acb8aea5c9dee6dcf,5f3180eb1b0c4203f3823c45
10/08/2020 18:16,10/08/2020 18:18,IP Address,90.204.236.141,100,115,TRUE,10/08/2020 18:18,R_2aWGcHb84o7CiMU,,,,,52.49740601,-0.024902344,anonymous,EN-GB,Chrome,84.0.4147.105,Windows NT 10.0,5760x1080,5e7902515312ee4a99c22e53,I consent to take part in the project on the basis set out above (Section A),English,Male,35,"I am in a quiet place without distractions, and I am either on a PC or laptop or on a mobile device that I am holding in landscape mode. I can use both hands to respond.,I do not have any more questions about the experiment.",5e7902515312ee4a99c22e53,5f31291acb8aea5c9dee6dcf,5f3180ea516e23041706987d
10/08/2020 18:16,10/08/2020 18:19,IP Address,109.180.104.11,100,169,TRUE,10/08/2020 18:19,R_3syykDRLjQ9gWKO,,,,,54.65190125,-1.6927948,anonymous,EN-GB,Chrome,83.0.4103.97,Macintosh,1440x900,5f0787e0905be01692f34950,I consent to take part in the project on the basis set out above (Section A),English,Female,19,"I am in a quiet place without distractions, and I am either on a PC or laptop or on a mobile device that I am holding in landscape mode. I can use both hands to respond.,I do not have any more questions about the experiment.",5f0787e0905be01692f34950,5f31291acb8aea5c9dee6dcf,5f3180e868969504269b15f2
10/08/2020 18:17,10/08/2020 18:19,IP Address,142.118.45.86,100,143,TRUE,10/08/2020 18:19,R_2awXbIpTRkvqSJW,,,,,45.53289795,-73.5565033,anonymous,EN-GB,Chrome,84.0.4147.105,Linux x86_64,1920x1080,5f0f1c7ff1db6e0683cda086,I consent to take part in the project on the basis set out above (Section A),English,Male,23,"I am in a quiet place without distractions, and I am either on a PC or laptop or on a mobile device that I am holding in landscape mode. I can use both hands to respond.,I do not have any more questions about the experiment.",5f0f1c7ff1db6e0683cda086,5f31291acb8aea5c9dee6dcf,5f318109cda44903fb4132cd
10/08/2020 18:16,10/08/2020 18:20,IP Address,68.84.189.63,100,212,TRUE,10/08/2020 18:20,R_3sdlHQis95cyUke,,,,,42.73480225,-84.62449646,anonymous,EN-GB,Firefox,79,Windows NT 6.3,1440x900,5c0da14d656168000159da7a,I consent to take part in the project on the basis set out above (Section A),English,Male,40,"I am in a quiet place without distractions, and I am either on a PC or laptop or on a mobile device that I am holding in landscape mode. I can use both hands to respond.,I do not have any more questions about the experiment.",5c0da14d656168000159da7a,5f31291acb8aea5c9dee6dcf,5f3180eb820e3303a1ab95ad
10/08/2020 18:17,10/08/2020 18:20,IP Address,37.228.245.159,100,187,TRUE,10/08/2020 18:20,R_2b195D0mWSXQJsB,,,,,53.33380127,-6.248794556,anonymous,EN-GB,Chrome,84.0.4147.105,Windows NT 10.0,1536x864,5d8da90433afc60017fae3d3,I consent to take part in the project on the basis set out above (Section A),English,Female,46,"I am in a quiet place without distractions, and I am either on a PC or laptop or on a mobile device that I am holding in landscape mode. I can use both hands to respond.,I do not have any more questions about the experiment.",5d8da90433afc60017fae3d3,5f31291acb8aea5c9dee6dcf,5f3180e59f0a8b0415a97a29
10/08/2020 18:18,10/08/2020 18:20,IP Address,209.95.36.134,100,155,TRUE,10/08/2020 18:20,R_1F98cusNdvdLl5H,,,,,37.75100708,-97.8219986,anonymous,EN-GB,Chrome,79.0.3945.136,Android 9,360x760,5f010ab6dd343a125d4bd704,I consent to take part in the project on the basis set out above (Section A),English,Male,30,"I am in a quiet place without distractions, and I am either on a PC or laptop or on a mobile device that I am holding in landscape mode. I can use both hands to respond.,I do not have any more questions about the experiment.",5f010ab6dd343a125d4bd704,5f31291acb8aea5c9dee6dcf,5f3180e71f74f303b20de597
10/08/2020 18:17,10/08/2020 18:21,IP Address,68.174.154.218,100,240,TRUE,10/08/2020 18:21,R_3s7fRZSAmVNFdpn,,,,,40.70329285,-73.80380249,anonymous,EN-GB,Chrome,77.0.3865.92,Android 8.1.0,360x640,5f00ac0a5d96ff1cb9fc826b,I consent to take part in the project on the basis set out above (Section A),English,Male,30,"I am in a quiet place without distractions, and I am either on a PC or laptop or on a mobile device that I am holding in landscape mode. I can use both hands to respond.,I do not have any more questions about the experiment.",5f00ac0a5d96ff1cb9fc826b,5f31291acb8aea5c9dee6dcf,5f3180df07b1e503c41dd6b2
10/08/2020 18:20,10/08/2020 18:21,IP Address,5.80.247.186,100,67,TRUE,10/08/2020 18:21,R_AHDddaXnvjZGCuR,,,,,50.95829773,-0.13420105,anonymous,EN-GB,Chrome,84.0.4147.105,Windows NT 10.0,1366x768,5eda87309c985569eb4cb2e0,I consent to take part in the project on the basis set out above (Section A),English,Female,43,"I am in a quiet place without distractions, and I am either on a PC or laptop or on a mobile device that I am holding in landscape mode. I can use both hands to respond.,I do not have any more questions about the experiment.",5eda87309c985569eb4cb2e0,5f31291acb8aea5c9dee6dcf,5f3180ea0f96200447c4eec7
10/08/2020 18:17,10/08/2020 18:22,IP Address,98.216.41.55,100,299,TRUE,10/08/2020 18:22,R_3P5jYDbfc3umIC3,,,,,42.07739258,-71.04460144,anonymous,EN-GB,Chrome,84.0.4147.105,Windows NT 10.0,1536x864,5f2dcc2ab5f3f20f53df3a4d,I consent to take part in the project on the basis set out above (Section A),English,Female,19,"I am in a quiet place without distractions, and I am either on a PC or laptop or on a mobile device that I am holding in landscape mode. I can use both hands to respond.,I do not have any more questions about the experiment.",5f2dcc2ab5f3f20f53df3a4d,5f31291acb8aea5c9dee6dcf,5f3180ec7edd6803ebeec0dd
10/08/2020 18:18,10/08/2020 18:24,IP Address,90.193.25.103,100,345,TRUE,10/08/2020 18:24,R_efAStjYs1JKdP6p,,,,,52.64129639,1.219696045,anonymous,EN-GB,Chrome,84.0.4147.105,Windows NT 10.0,1366x768,5cdc899d48d5f100195fafff,I consent to take part in the project on the basis set out above (Section A),English,Male,34,"I am in a quiet place without distractions, and I am either on a PC or laptop or on a mobile device that I am holding in landscape mode. I can use both hands to respond.,I do not have any more questions about the experiment.",5cdc899d48d5f100195fafff,5f31291acb8aea5c9dee6dcf,5f3180eb87077f045c3d4a3f
10/08/2020 18:16,10/08/2020 18:24,IP Address,72.24.117.11,100,469,TRUE,10/08/2020 18:24,R_3EukjFIzmfqjhFM,,,,,33.74220276,-96.55149841,anonymous,EN-GB,Firefox,79,Windows NT 10.0,1366x768,5f2dbe52314d560ef2ce0adb,I consent to take part in the project on the basis set out above (Section A),English,Male,18,"I am in a quiet place without distractions, and I am either on a PC or laptop or on a mobile device that I am holding in landscape mode. I can use both hands to respond.,I do not have any more questions about the experiment.",5f2dbe52314d560ef2ce0adb,5f31291acb8aea5c9dee6dcf,5f3180e9b7fc100458ec4b4c
10/08/2020 18:31,10/08/2020 18:35,IP Address,12.221.146.26,100,214,TRUE,10/08/2020 18:35,R_12hDa0oEkP8MyN8,,,,,44.00149536,-92.4835968,anonymous,EN-GB,Chrome,47.0.2526.106,Windows NT 6.3,450x950,5eef5cc0270c550c05faf0fe,I consent to take part in the project on the basis set out above (Section A),English,Male,23,"I am in a quiet place without distractions, and I am either on a PC or laptop or on a mobile device that I am holding in landscape mode. I can use both hands to respond.,I do not have any more questions about the experiment.",5eef5cc0270c550c05faf0fe,5f31291acb8aea5c9dee6dcf,5f31846c689695047c1202c1
10/08/2020 18:43,10/08/2020 18:44,IP Address,162.201.241.143,100,96,TRUE,10/08/2020 18:44,R_2ZEMnpM57KjX6v7,,,,,25.70109558,-80.415802,anonymous,EN-GB,Chrome,84.0.4147.105,Windows NT 10.0,1920x1080,5d30b98eb8f4a500193ce6c6,I consent to take part in the project on the basis set out above (Section A),English,Male,20,"I am in a quiet place without distractions, and I am either on a PC or laptop or on a mobile device that I am holding in landscape mode. I can use both hands to respond.,I do not have any more questions about the experiment.",5d30b98eb8f4a500193ce6c6,5f31291acb8aea5c9dee6dcf,5f31872845c8ab0534dee3d7
10/08/2020 18:42,10/08/2020 18:47,IP Address,134.225.31.40,100,271,TRUE,10/08/2020 18:47,R_23X01BDlz6g1rn3,,,,,51.44250488,-0.926696777,anonymous,EN-GB,Chrome,84.0.4147.105,Windows NT 10.0,1280x720,5f0452d558d1c26aa28f6d18,I consent to take part in the project on the basis set out above (Section A),English,Female,26,"I am in a quiet place without distractions, and I am either on a PC or laptop or on a mobile device that I am holding in landscape mode. I can use both hands to respond.,I do not have any more questions about the experiment.",5f0452d558d1c26aa28f6d18,5f31291acb8aea5c9dee6dcf,5f31864711a84b04eb76f511
10/08/2020 18:41,10/08/2020 18:47,IP Address,173.169.108.59,100,367,TRUE,10/08/2020 18:47,R_33dxExcrRuAEVq7,,,,,27.98730469,-81.76249695,anonymous,EN-GB,Firefox,79,Windows NT 10.0,1366x768,5f1e827568c1bb862cb9f5bd,I consent to take part in the project on the basis set out above (Section A),English,Male,45,"I am in a quiet place without distractions, and I am either on a PC or laptop or on a mobile device that I am holding in landscape mode. I can use both hands to respond.,I do not have any more questions about the experiment.",5f1e827568c1bb862cb9f5bd,5f31291acb8aea5c9dee6dcf,5f3186a7b7b38604f55430b8
10/08/2020 18:38,10/08/2020 18:56,IP Address,184.75.208.252,100,1061,TRUE,10/08/2020 18:56,R_sU4qJ6UCe9jRKs9,,,,,43.65089417,-79.55269623,anonymous,EN-GB,Chrome,82.0.4085.4,Windows NT 10.0,360x760,5ec799f7dab5741eaea37681,I consent to take part in the project on the basis set out above (Section A),English,Female,26,"I am in a quiet place without distractions, and I am either on a PC or laptop or on a mobile device that I am holding in landscape mode. I can use both hands to respond.,I do not have any more questions about the experiment.",5ec799f7dab5741eaea37681,5f31291acb8aea5c9dee6dcf,5f3186032578f505662d44ea
10/08/2020 18:42,10/08/2020 18:56,IP Address,107.181.178.107,100,851,TRUE,10/08/2020 18:56,R_1rMNgu89NXMu1LL,,,,,34.05490112,-118.2577972,anonymous,EN-GB,Chrome,81.0.4044.138,Android 10,393x851,5f10f17a01b48a42592fd0ec,I consent to take part in the project on the basis set out above (Section A),English,Male,30,"I am in a quiet place without distractions, and I am either on a PC or laptop or on a mobile device that I am holding in landscape mode. I can use both hands to respond.,I do not have any more questions about the experiment.",5f10f17a01b48a42592fd0ec,5f31291acb8aea5c9dee6dcf,5f3187033c267704ededdec3
10/08/2020 19:01,10/08/2020 19:02,IP Address,84.64.159.189,100,80,TRUE,10/08/2020 19:02,R_3fUesgUxF1EszWJ,,,,,52.61889648,-2.003997803,anonymous,EN-GB,Chrome,84.0.4147.105,Macintosh,1280x800,5d544ce3be713b0001841f1e,I consent to take part in the project on the basis set out above (Section A),English,Female,31,"I am in a quiet place without distractions, and I am either on a PC or laptop or on a mobile device that I am holding in landscape mode. I can use both hands to respond.,I do not have any more questions about the experiment.",5d544ce3be713b0001841f1e,5f31291acb8aea5c9dee6dcf,5f318b456699f8062f49c671
10/08/2020 18:54,10/08/2020 19:03,IP Address,47.219.112.5,100,569,TRUE,10/08/2020 19:03,R_1qUrGI5sjP24SCK,,,,,32.32510376,-95.29810333,anonymous,EN-GB,Chrome,84.0.4147.111,Android 6.0.1,360x640,5edac97f977d9018109447a4,I consent to take part in the project on the basis set out above (Section A),English,Male,40,"I am in a quiet place without distractions, and I am either on a PC or laptop or on a mobile device that I am holding in landscape mode. I can use both hands to respond.,I do not have any more questions about the experiment.",5edac97f977d9018109447a4,5f31291acb8aea5c9dee6dcf,5f3189bc1e274d065ad09e65
10/08/2020 19:05,10/08/2020 19:07,IP Address,184.75.208.252,100,120,TRUE,10/08/2020 19:07,R_BMaFAVHRVa2MgBr,,,,,43.65089417,-79.55269623,anonymous,EN-GB,Chrome,84.0.4147.105,Windows NT 6.3,1366x768,5ec799f7dab5741eaea37681,I consent to take part in the project on the basis set out above (Section A),English,Female,26,"I am in a quiet place without distractions, and I am either on a PC or laptop or on a mobile device that I am holding in landscape mode. I can use both hands to respond.,I do not have any more questions about the experiment.",5ec799f7dab5741eaea37681,5f31291acb8aea5c9dee6dcf,5f3186032578f505662d44ea
10/08/2020 19:15,10/08/2020 19:18,IP Address,147.135.78.202,100,223,TRUE,10/08/2020 19:18,R_2949lnCQMsfOoe7,,,,,37.75100708,-97.8219986,anonymous,EN-GB,Chrome,84.0.4147.105,Windows NT 10.0,1366x768,5efc7246abf5130132092e31,I consent to take part in the project on the basis set out above (Section A),English,Female,30,"I am in a quiet place without distractions, and I am either on a PC or laptop or on a mobile device that I am holding in landscape mode. I can use both hands to respond.,I do not have any more questions about the experiment.",5efc7246abf5130132092e31,5f31291acb8aea5c9dee6dcf,5f318ea6fa6245068bdf6ab9
10/08/2020 19:28,10/08/2020 19:29,IP Address,81.156.54.119,100,49,TRUE,10/08/2020 19:29,R_2wLgcQFyBMqkHCE,,,,,51.52099609,-3.203704834,anonymous,EN-GB,Chrome,84.0.4147.105,Windows NT 6.1,1366x768,5da8768c2a921500145c6a0d,I consent to take part in the project on the basis set out above (Section A),English,Male,27,"I am in a quiet place without distractions, and I am either on a PC or laptop or on a mobile device that I am holding in landscape mode. I can use both hands to respond.,I do not have any more questions about the experiment.",5da8768c2a921500145c6a0d,5f31291acb8aea5c9dee6dcf,5f3191bb08398e06265769dd
